{"loss": 2.3104641437530518, "top_1_accuracy": 0.512499988079071, "top_5_accuracy": 0.7360000014305115}