{
  "random-500": {
    "train": {
      "loss": [
        0.016590713150799276, 0.04829064421355724, 0.22237961888313293,
        0.7458827495574951, 1.4964621543884278, 2.048475456237793,
        2.4273492813110353, 2.6715847492218017, 2.8662788391113283,
        3.0478210926055906, 3.07466459274292, 3.2136647701263428,
        3.3739004611968992, 3.399169158935547, 3.3996965885162354,
        3.376760721206665
      ],
      "top_1_accuracy": [
        1, 0.9983000040054322, 0.9702499985694886, 0.8455500125885009,
        0.6589500069618225, 0.5391000151634217, 0.4658500015735626,
        0.42110000252723695, 0.390500009059906, 0.35845000147819517,
        0.35205000042915346, 0.3350000023841858, 0.30789999961853026,
        0.29860000014305116, 0.3049499988555908, 0.30774999856948854
      ],
      "top_5_accuracy": [
        1, 0.9996999979019165, 0.988450002670288, 0.9430499911308289,
        0.8398499965667725, 0.7534999966621398, 0.6900000095367431,
        0.6508000016212463, 0.622849988937378, 0.5901500105857849,
        0.5854499936103821, 0.5638499975204467, 0.5365499973297119,
        0.5323499917984009, 0.5348000168800354, 0.535449993610382
      ]
    },
    "eval": {
      "loss": [
        7.930929279327392, 7.67466106414795, 6.7956537246704105,
        5.642714023590088, 4.89954137802124, 4.564321041107178,
        4.364999008178711, 4.242343616485596, 4.206824588775635,
        4.1286940574646, 4.107249069213867, 4.089998626708985,
        4.046301746368409, 4.026441478729248, 4.019574928283691,
        4.010899066925049
      ],
      "top_1_accuracy": [
        0.14860000014305114, 0.17100000083446504, 0.18240000307559967,
        0.19900000095367432, 0.2027999997138977, 0.20900000035762786,
        0.20719999969005584, 0.2095999985933304, 0.21379999816417694,
        0.21460000276565552, 0.2176000028848648, 0.21660000085830688,
        0.2217999964952469, 0.22820000052452089, 0.22439999878406525,
        0.22459999918937684
      ],
      "top_5_accuracy": [
        0.31679999828338623, 0.33760000467300416, 0.3567999958992004,
        0.36600000262260435, 0.37919999957084655, 0.3857999980449677,
        0.4016000032424927, 0.4078000009059906, 0.409199994802475,
        0.41419999599456786, 0.42160000205039977, 0.41820000410079955,
        0.42719998955726624, 0.4254000008106232, 0.4281999945640564,
        0.4303999960422516
      ]
    }
  }
}
